language	year	invented_count	used_count
Afrikaans	2012	1	0
Afrikaans	2016	1	0
Afrikaans	2020	1	1
Afrikaans	2023	1	0
Afrikaans	2024	0	2
Afrikaans	2025	0	1
Akan	1999	1	0
Akan	2018	2	0
Akan	2019	2	3
Akan	2025	1	5
Algerian Arabic	2008	1	0
Algerian Arabic	2010	1	0
Algerian Arabic	2011	1	0
Algerian Arabic	2012	1	0
Algerian Arabic	2013	2	0
Algerian Arabic	2014	2	1
Algerian Arabic	2015	2	0
Algerian Arabic	2016	1	4
Algerian Arabic	2017	2	5
Algerian Arabic	2019	1	0
Algerian Arabic	2021	1	0
Algerian Arabic	2022	1	0
Algerian Arabic	2023	2	5
Algerian Arabic	2024	0	4
Amharic	1985	1	0
Amharic	1990	3	0
Amharic	2001	1	0
Amharic	2004	1	0
Amharic	2005	4	1
Amharic	2006	1	0
Amharic	2007	1	1
Amharic	2009	3	1
Amharic	2010	3	1
Amharic	2011	0	1
Amharic	2012	4	0
Amharic	2013	1	0
Amharic	2014	2	0
Amharic	2015	1	1
Amharic	2016	8	0
Amharic	2017	3	2
Amharic	2018	6	2
Amharic	2019	8	1
Amharic	2020	12	19
Amharic	2021	6	8
Amharic	2022	4	13
Amharic	2023	3	14
Amharic	2024	0	15
Amharic	2025	0	5
Assamese	2005	1	0
Assamese	2012	1	0
Assamese	2013	1	0
Assamese	2014	4	0
Assamese	2015	3	1
Assamese	2016	0	1
Assamese	2018	0	1
Assamese	2019	3	0
Assamese	2020	4	1
Assamese	2021	2	6
Assamese	2022	4	6
Assamese	2023	1	9
Assamese	2024	4	5
Assamese	2025	0	4
Bavarian	2011	1	0
Bavarian	2013	1	0
Bavarian	2014	3	0
Bavarian	2016	3	1
Bavarian	2017	1	0
Bavarian	2018	2	0
Bavarian	2019	1	0
Bavarian	2020	3	1
Bavarian	2021	1	2
Bavarian	2022	1	0
Bavarian	2023	0	7
Bavarian	2024	1	9
Bavarian	2025	0	1
Bengali	1986	1	0
Bengali	1989	1	0
Bengali	1994	1	0
Bengali	1997	2	0
Bengali	1998	2	0
Bengali	2000	1	0
Bengali	2001	2	0
Bengali	2002	2	0
Bengali	2004	2	0
Bengali	2005	1	2
Bengali	2006	6	0
Bengali	2007	4	0
Bengali	2008	2	2
Bengali	2009	9	0
Bengali	2010	7	1
Bengali	2011	10	1
Bengali	2012	17	3
Bengali	2013	3	2
Bengali	2014	19	2
Bengali	2015	9	6
Bengali	2016	22	5
Bengali	2017	16	4
Bengali	2018	50	19
Bengali	2019	61	21
Bengali	2020	78	50
Bengali	2021	48	68
Bengali	2022	32	86
Bengali	2023	16	84
Bengali	2024	7	75
Bengali	2025	0	26
Bhojpuri	2012	1	0
Bhojpuri	2016	1	0
Bhojpuri	2019	0	1
Bhojpuri	2020	1	0
Bhojpuri	2022	2	1
Bhojpuri	2024	0	1
Bhojpuri	2025	0	3
Bulgarian	1998	1	0
Bulgarian	2000	1	0
Bulgarian	2003	1	0
Bulgarian	2011	0	2
Bulgarian	2012	1	0
Bulgarian	2013	1	0
Bulgarian	2014	2	0
Bulgarian	2015	1	3
Bulgarian	2017	4	1
Bulgarian	2018	3	0
Bulgarian	2019	5	4
Bulgarian	2020	2	3
Bulgarian	2021	2	2
Bulgarian	2022	1	2
Bulgarian	2023	1	3
Bulgarian	2024	1	5
Bulgarian	2025	1	4
Burmese	2003	1	0
Burmese	2013	1	0
Burmese	2015	1	0
Burmese	2016	1	0
Burmese	2017	1	0
Burmese	2019	1	1
Burmese	2020	0	5
Burmese	2022	1	1
Burmese	2025	0	2
Cameroon Pidgin	1984	1	0
Cameroon Pidgin	1999	1	0
Cameroon Pidgin	2016	1	0
Cameroon Pidgin	2019	0	2
Cameroon Pidgin	2021	0	2
Catalan	1998	1	0
Catalan	2005	1	0
Catalan	2008	4	0
Catalan	2009	1	0
Catalan	2010	1	0
Catalan	2012	3	0
Catalan	2014	0	1
Catalan	2016	1	0
Catalan	2018	1	0
Catalan	2019	7	1
Catalan	2020	8	5
Catalan	2021	3	4
Catalan	2022	3	10
Catalan	2023	1	0
Catalan	2024	2	15
Catalan	2025	0	7
Cebuano	2014	1	0
Cebuano	2019	0	1
Cebuano	2024	1	1
Central Kurdish	1966	1	0
Central Kurdish	1996	1	0
Central Kurdish	2009	1	0
Central Kurdish	2010	1	1
Central Kurdish	2012	2	0
Central Kurdish	2013	1	1
Central Kurdish	2015	1	0
Central Kurdish	2017	1	0
Central Kurdish	2018	2	0
Central Kurdish	2019	3	0
Central Kurdish	2021	3	8
Central Kurdish	2022	1	6
Central Kurdish	2023	1	3
Central Kurdish	2024	0	1
Central Kurdish	2025	0	3
Central Pashto	2009	1	0
Central Pashto	2013	1	0
Central Pashto	2016	1	0
Central Pashto	2017	0	1
Central Pashto	2019	1	0
Central Pashto	2021	2	2
Central Pashto	2022	0	2
Central Pashto	2023	0	1
Chichewa	2019	1	0
Chichewa	2022	0	1
Chinese	1973	1	0
Chinese	1984	1	0
Chinese	1989	1	0
Chinese	1990	1	0
Chinese	1992	1	0
Chinese	1993	1	0
Chinese	1995	2	0
Chinese	1996	3	0
Chinese	1997	1	0
Chinese	1998	4	0
Chinese	1999	1	0
Chinese	2000	2	0
Chinese	2001	5	0
Chinese	2002	9	1
Chinese	2003	5	0
Chinese	2004	7	1
Chinese	2005	17	3
Chinese	2006	17	1
Chinese	2007	12	4
Chinese	2008	10	4
Chinese	2009	7	3
Chinese	2010	14	5
Chinese	2011	18	6
Chinese	2012	13	5
Chinese	2013	31	16
Chinese	2014	29	7
Chinese	2015	47	14
Chinese	2016	58	32
Chinese	2017	38	18
Chinese	2018	68	34
Chinese	2019	75	62
Chinese	2020	68	83
Chinese	2021	50	116
Chinese	2022	32	125
Chinese	2023	51	131
Chinese	2024	6	78
Chinese	2025	2	5
Chittagonian	2019	1	0
Chittagonian	2024	0	1
Croatian	2006	1	0
Croatian	2007	2	0
Croatian	2008	0	1
Croatian	2010	3	0
Croatian	2011	3	0
Croatian	2012	2	0
Croatian	2013	2	3
Croatian	2014	7	1
Croatian	2015	2	3
Croatian	2016	1	4
Croatian	2017	3	2
Croatian	2018	2	2
Croatian	2019	1	1
Croatian	2020	2	5
Croatian	2021	3	1
Croatian	2022	0	2
Croatian	2023	0	5
Croatian	2024	0	7
Czech	1923	1	0
Czech	1970	1	0
Czech	2002	3	0
Czech	2003	1	0
Czech	2004	2	0
Czech	2005	2	1
Czech	2006	1	0
Czech	2008	2	1
Czech	2009	0	1
Czech	2010	1	1
Czech	2011	4	0
Czech	2012	4	0
Czech	2013	3	2
Czech	2014	8	1
Czech	2015	2	2
Czech	2016	7	2
Czech	2017	4	1
Czech	2018	5	0
Czech	2019	9	6
Czech	2020	2	6
Czech	2021	6	9
Czech	2022	3	19
Czech	2023	2	8
Czech	2024	1	15
Czech	2025	0	5
Danish	2000	1	0
Danish	2001	1	0
Danish	2003	0	1
Danish	2004	1	0
Danish	2005	1	0
Danish	2006	1	0
Danish	2008	1	2
Danish	2009	3	0
Danish	2012	1	0
Danish	2013	1	1
Danish	2014	5	1
Danish	2015	2	1
Danish	2016	1	0
Danish	2017	4	1
Danish	2018	4	1
Danish	2019	5	3
Danish	2020	6	5
Danish	2021	1	4
Danish	2022	5	10
Danish	2023	2	11
Danish	2024	0	8
Danish	2025	0	2
Dari	2008	1	0
Dari	2018	1	0
Dari	2019	0	1
Dari	2023	0	1
Dholuo	2007	1	0
Dholuo	2009	2	0
Dholuo	2010	0	2
Dholuo	2020	1	0
Dholuo	2022	0	2
Dutch	1998	1	0
Dutch	2001	2	0
Dutch	2002	8	0
Dutch	2003	2	0
Dutch	2005	1	0
Dutch	2006	6	2
Dutch	2007	2	1
Dutch	2008	3	3
Dutch	2009	4	0
Dutch	2010	1	4
Dutch	2011	2	0
Dutch	2012	5	0
Dutch	2013	8	5
Dutch	2014	8	3
Dutch	2015	1	3
Dutch	2016	11	3
Dutch	2017	6	5
Dutch	2018	5	8
Dutch	2019	9	10
Dutch	2020	12	12
Dutch	2021	5	10
Dutch	2022	4	15
Dutch	2023	1	19
Dutch	2024	1	8
Dutch	2025	0	5
Eastern Oromo	2020	0	2
Eastern Oromo	2022	1	1
Eastern Punjabi	2020	2	0
Eastern Punjabi	2021	0	1
Eastern Punjabi	2022	1	0
Eastern Punjabi	2023	0	2
Eastern Punjabi	2024	0	1
Egyptian Arabic	1994	1	0
Egyptian Arabic	2002	1	0
Egyptian Arabic	2003	1	0
Egyptian Arabic	2004	1	0
Egyptian Arabic	2006	1	0
Egyptian Arabic	2007	2	0
Egyptian Arabic	2008	2	0
Egyptian Arabic	2010	2	0
Egyptian Arabic	2011	2	0
Egyptian Arabic	2012	14	1
Egyptian Arabic	2013	4	4
Egyptian Arabic	2014	7	4
Egyptian Arabic	2015	4	1
Egyptian Arabic	2016	5	8
Egyptian Arabic	2017	4	0
Egyptian Arabic	2018	7	9
Egyptian Arabic	2019	6	1
Egyptian Arabic	2020	8	4
Egyptian Arabic	2021	4	13
Egyptian Arabic	2022	3	19
Egyptian Arabic	2023	4	5
Egyptian Arabic	2024	2	24
Egyptian Arabic	2025	0	4
English	1951	1	0
English	1965	2	0
English	1967	2	0
English	1971	2	0
English	1978	1	0
English	1980	2	0
English	1982	1	0
English	1984	1	0
English	1985	1	0
English	1987	2	0
English	1990	1	0
English	1991	2	0
English	1993	4	1
English	1994	1	0
English	1995	2	0
English	1997	1	2
English	1998	2	0
English	1999	2	0
English	2000	5	0
English	2001	4	0
English	2002	4	3
English	2003	5	1
English	2004	16	5
English	2005	12	1
English	2006	9	1
English	2007	12	5
English	2008	10	2
English	2009	12	6
English	2010	16	10
English	2011	23	9
English	2012	21	5
English	2013	28	14
English	2014	40	13
English	2015	29	23
English	2016	41	27
English	2017	52	30
English	2018	83	65
English	2019	71	72
English	2020	43	110
English	2021	27	103
English	2022	13	60
English	2023	11	52
English	2024	0	31
Finnish	2000	1	0
Finnish	2004	1	0
Finnish	2006	1	0
Finnish	2012	2	0
Finnish	2013	4	1
Finnish	2014	1	0
Finnish	2015	2	1
Finnish	2016	2	0
Finnish	2017	2	1
Finnish	2018	7	1
Finnish	2019	9	7
Finnish	2020	2	9
Finnish	2021	1	3
Finnish	2022	2	1
Finnish	2023	2	14
Finnish	2024	0	4
Finnish	2025	0	4
French	1948	1	0
French	1984	1	0
French	1986	1	0
French	1990	1	0
French	1992	1	0
French	1993	2	0
French	1994	1	0
French	1996	1	0
French	1997	2	1
French	2000	5	2
French	2001	2	0
French	2002	5	1
French	2003	4	0
French	2004	8	2
French	2005	8	4
French	2006	2	0
French	2007	6	0
French	2008	4	1
French	2009	11	0
French	2010	12	3
French	2011	5	0
French	2012	9	3
French	2013	9	5
French	2014	13	11
French	2015	9	7
French	2016	17	10
French	2017	16	11
French	2018	16	21
French	2019	40	23
French	2020	21	22
French	2021	20	31
French	2022	8	27
French	2023	8	52
French	2024	5	47
French	2025	0	5
German	1971	1	0
German	1985	2	0
German	1993	1	0
German	1994	1	0
German	1998	1	0
German	1999	3	0
German	2000	1	0
German	2001	1	0
German	2002	1	0
German	2003	1	1
German	2004	2	1
German	2005	3	0
German	2006	4	2
German	2007	1	0
German	2008	6	1
German	2009	1	0
German	2010	10	1
German	2011	8	3
German	2012	13	3
German	2013	10	1
German	2014	13	15
German	2015	8	9
German	2016	10	16
German	2017	8	11
German	2018	18	16
German	2019	17	10
German	2020	16	22
German	2021	7	20
German	2022	7	17
German	2023	4	30
German	2024	0	17
German	2025	0	2
Ghanaian Pidgin English	1958	1	0
Ghanaian Pidgin English	2014	1	0
Ghanaian Pidgin English	2016	1	0
Ghanaian Pidgin English	2019	0	1
Ghanaian Pidgin English	2021	0	2
Greek	1977	1	0
Greek	1980	1	0
Greek	1981	1	0
Greek	1991	1	0
Greek	1997	1	0
Greek	2000	1	0
Greek	2004	2	0
Greek	2006	1	0
Greek	2008	3	1
Greek	2009	1	0
Greek	2011	3	0
Greek	2012	1	1
Greek	2013	3	0
Greek	2014	1	0
Greek	2015	6	0
Greek	2016	4	1
Greek	2017	4	1
Greek	2018	8	4
Greek	2019	10	1
Greek	2020	12	14
Greek	2021	6	15
Greek	2022	4	9
Greek	2023	1	15
Greek	2024	0	13
Greek	2025	0	4
Gujarati	2003	1	0
Gujarati	2007	1	0
Gujarati	2010	1	0
Gujarati	2015	2	0
Gujarati	2016	3	0
Gujarati	2018	2	1
Gujarati	2019	2	0
Gujarati	2020	1	4
Gujarati	2021	3	3
Gujarati	2022	0	6
Gujarati	2023	0	3
Gujarati	2024	0	1
Gulf Arabic	2000	1	0
Gulf Arabic	2009	1	0
Gulf Arabic	2011	1	0
Gulf Arabic	2012	0	1
Gulf Arabic	2014	2	0
Gulf Arabic	2015	1	0
Gulf Arabic	2016	3	4
Gulf Arabic	2018	2	3
Gulf Arabic	2019	0	1
Gulf Arabic	2020	1	1
Gulf Arabic	2023	0	1
Gulf Arabic	2024	0	4
Haitian Creole	2012	1	0
Haitian Creole	2020	0	1
Haitian Creole	2021	0	1
Hakka Chinese	2023	1	1
Hausa	2003	1	0
Hausa	2014	1	0
Hausa	2019	3	0
Hausa	2020	3	0
Hausa	2021	4	1
Hausa	2022	4	6
Hausa	2023	2	4
Hausa	2024	2	6
Hausa	2025	0	7
Hebrew	1967	1	0
Hebrew	1981	1	0
Hebrew	1987	1	0
Hebrew	1997	1	0
Hebrew	2001	3	0
Hebrew	2003	0	1
Hebrew	2004	0	1
Hebrew	2005	1	0
Hebrew	2006	2	0
Hebrew	2007	1	0
Hebrew	2008	2	4
Hebrew	2011	0	1
Hebrew	2012	1	0
Hebrew	2013	4	0
Hebrew	2014	1	0
Hebrew	2015	3	0
Hebrew	2016	3	1
Hebrew	2017	1	0
Hebrew	2018	7	1
Hebrew	2019	4	5
Hebrew	2020	3	6
Hebrew	2021	2	9
Hebrew	2022	1	10
Hebrew	2023	3	7
Hebrew	2024	2	10
Hebrew	2025	0	3
Hindi	1985	1	0
Hindi	1990	1	0
Hindi	1997	2	0
Hindi	1998	1	0
Hindi	1999	2	0
Hindi	2001	1	0
Hindi	2002	3	0
Hindi	2003	2	0
Hindi	2004	3	0
Hindi	2005	1	0
Hindi	2006	1	1
Hindi	2007	3	1
Hindi	2008	5	1
Hindi	2009	5	0
Hindi	2010	15	1
Hindi	2011	5	2
Hindi	2012	13	1
Hindi	2013	10	4
Hindi	2014	24	7
Hindi	2015	15	6
Hindi	2016	28	15
Hindi	2017	21	5
Hindi	2018	42	24
Hindi	2019	32	14
Hindi	2020	30	42
Hindi	2021	29	61
Hindi	2022	20	60
Hindi	2023	8	45
Hindi	2024	2	40
Hindi	2025	1	15
Hungarian	1995	1	0
Hungarian	1999	1	0
Hungarian	2004	0	1
Hungarian	2006	2	0
Hungarian	2010	0	1
Hungarian	2011	2	0
Hungarian	2013	3	0
Hungarian	2014	1	1
Hungarian	2015	1	0
Hungarian	2016	3	3
Hungarian	2017	2	1
Hungarian	2018	2	3
Hungarian	2019	1	2
Hungarian	2020	1	2
Hungarian	2021	1	0
Hungarian	2022	0	4
Hungarian	2023	0	6
Hungarian	2024	1	2
Hungarian	2025	0	3
Indian	1956	1	0
Indian	1982	1	0
Indian	1992	1	0
Indian	1994	1	0
Indian	1996	1	0
Indian	1999	1	0
Indian	2003	3	1
Indian	2004	2	0
Indian	2007	1	0
Indian	2008	4	1
Indian	2009	3	1
Indian	2010	9	1
Indian	2011	2	2
Indian	2012	11	2
Indian	2013	7	2
Indian	2014	10	2
Indian	2015	7	4
Indian	2016	4	3
Indian	2017	6	3
Indian	2018	13	11
Indian	2019	18	4
Indian	2020	30	18
Indian	2021	22	21
Indian	2022	10	44
Indian	2023	5	39
Indian	2024	2	22
Indian	2025	0	7
Indonesian	1995	1	0
Indonesian	1999	1	0
Indonesian	2001	1	0
Indonesian	2002	1	0
Indonesian	2003	10	0
Indonesian	2004	1	0
Indonesian	2005	2	0
Indonesian	2006	3	1
Indonesian	2007	1	0
Indonesian	2008	3	0
Indonesian	2009	4	0
Indonesian	2011	3	2
Indonesian	2012	10	0
Indonesian	2013	5	0
Indonesian	2014	9	1
Indonesian	2015	9	2
Indonesian	2016	20	4
Indonesian	2017	12	8
Indonesian	2018	42	13
Indonesian	2019	28	23
Indonesian	2020	27	30
Indonesian	2021	23	14
Indonesian	2022	17	63
Indonesian	2023	10	66
Indonesian	2024	4	32
Indonesian	2025	1	14
Iranian Persian	2015	1	0
Iranian Persian	2020	0	1
Italian	1967	1	0
Italian	1977	1	0
Italian	1990	1	0
Italian	1995	1	0
Italian	1997	1	0
Italian	2000	5	1
Italian	2001	1	0
Italian	2002	3	0
Italian	2003	2	0
Italian	2004	2	1
Italian	2005	4	0
Italian	2006	4	2
Italian	2007	1	0
Italian	2008	2	1
Italian	2009	1	0
Italian	2010	4	2
Italian	2011	2	2
Italian	2012	2	0
Italian	2013	7	1
Italian	2014	13	5
Italian	2015	6	3
Italian	2016	14	13
Italian	2017	4	3
Italian	2018	15	21
Italian	2019	11	6
Italian	2020	19	18
Italian	2021	8	17
Italian	2022	2	15
Italian	2023	7	17
Italian	2024	2	25
Italian	2025	0	6
Japanese	1986	1	0
Japanese	1994	2	0
Japanese	1996	1	0
Japanese	1997	1	0
Japanese	1998	2	0
Japanese	2000	1	0
Japanese	2001	4	0
Japanese	2002	1	0
Japanese	2003	2	0
Japanese	2004	2	1
Japanese	2005	2	1
Japanese	2006	1	0
Japanese	2007	3	2
Japanese	2008	3	0
Japanese	2009	2	3
Japanese	2010	2	1
Japanese	2011	2	3
Japanese	2012	1	0
Japanese	2013	2	0
Japanese	2014	4	1
Japanese	2015	8	3
Japanese	2016	12	4
Japanese	2017	5	3
Japanese	2018	13	3
Japanese	2019	14	2
Japanese	2020	14	15
Japanese	2021	9	11
Japanese	2022	10	19
Japanese	2023	9	21
Japanese	2024	8	60
Japanese	2025	0	7
Javanese	2006	1	0
Javanese	2016	1	0
Javanese	2018	3	1
Javanese	2019	1	0
Javanese	2020	2	5
Javanese	2023	2	0
Javanese	2024	0	3
Javanese	2025	0	3
Kannada	1998	1	0
Kannada	2000	2	0
Kannada	2009	1	0
Kannada	2010	1	0
Kannada	2011	2	1
Kannada	2013	2	0
Kannada	2014	1	0
Kannada	2016	2	0
Kannada	2017	1	0
Kannada	2018	1	1
Kannada	2019	2	3
Kannada	2020	9	3
Kannada	2021	10	17
Kannada	2022	3	3
Kannada	2023	1	5
Kannada	2024	0	6
Kannada	2025	0	4
Kazakh	2009	1	0
Kazakh	2012	1	0
Kazakh	2015	1	0
Kazakh	2019	2	1
Kazakh	2020	4	1
Kazakh	2021	6	2
Kazakh	2022	4	0
Kazakh	2023	1	3
Kazakh	2024	4	16
Kazakh	2025	0	5
Khmer	2003	2	0
Khmer	2008	1	0
Khmer	2013	2	0
Khmer	2018	1	2
Khmer	2019	3	3
Khmer	2020	1	0
Khmer	2021	2	3
Khmer	2022	1	4
Khmer	2023	1	3
Khmer	2024	0	3
Kinyarwanda	2013	2	0
Kinyarwanda	2014	1	0
Kinyarwanda	2015	0	1
Kinyarwanda	2016	1	0
Kinyarwanda	2018	4	0
Kinyarwanda	2020	1	1
Kinyarwanda	2021	2	0
Kinyarwanda	2022	0	3
Kinyarwanda	2023	1	3
Kinyarwanda	2024	0	4
Kinyarwanda	2025	0	1
Korean	2001	1	0
Korean	2003	1	0
Korean	2004	1	0
Korean	2005	1	0
Korean	2006	1	0
Korean	2008	2	0
Korean	2010	1	0
Korean	2011	4	0
Korean	2012	3	0
Korean	2013	5	1
Korean	2014	4	1
Korean	2015	7	2
Korean	2016	6	2
Korean	2017	8	0
Korean	2018	13	4
Korean	2019	18	4
Korean	2020	18	14
Korean	2021	15	25
Korean	2022	6	24
Korean	2023	17	25
Korean	2024	8	35
Korean	2025	5	24
Kyrgyz	2016	1	0
Kyrgyz	2019	1	0
Kyrgyz	2021	2	0
Kyrgyz	2022	1	0
Kyrgyz	2023	1	3
Kyrgyz	2024	0	4
Lao	2016	1	0
Lao	2024	0	2
Lao	2025	1	0
Levantine Arabic	2002	1	0
Levantine Arabic	2006	1	0
Levantine Arabic	2012	3	2
Levantine Arabic	2014	2	1
Levantine Arabic	2015	0	1
Levantine Arabic	2016	1	0
Levantine Arabic	2018	0	2
Levantine Arabic	2019	1	0
Levantine Arabic	2020	1	0
Levantine Arabic	2021	0	3
Levantine Arabic	2022	1	0
Levantine Arabic	2023	0	1
Levantine Arabic	2024	0	2
Levantine Arabic	2025	0	1
Lingala	2019	1	0
Lingala	2022	0	1
Magahi	2020	1	0
Magahi	2023	1	0
Magahi	2024	0	2
Maithili	2020	1	1
Malay	1956	1	0
Malay	2002	1	0
Malay	2003	2	0
Malay	2006	1	0
Malay	2008	0	1
Malay	2009	0	1
Malay	2010	1	0
Malay	2013	1	0
Malay	2014	3	2
Malay	2015	2	0
Malay	2016	5	0
Malay	2017	2	0
Malay	2018	0	4
Malay	2019	1	4
Malay	2020	2	2
Malay	2021	0	5
Malay	2022	1	2
Malay	2023	1	4
Malay	2024	1	5
Malayalam	1998	1	0
Malayalam	2005	1	0
Malayalam	2006	1	0
Malayalam	2010	1	0
Malayalam	2012	1	0
Malayalam	2015	1	1
Malayalam	2016	4	0
Malayalam	2017	0	1
Malayalam	2018	2	2
Malayalam	2019	4	0
Malayalam	2020	13	2
Malayalam	2021	12	16
Malayalam	2022	1	9
Malayalam	2023	0	8
Malayalam	2024	1	5
Malayalam	2025	0	3
Mandarin	1954	1	0
Mandarin	1991	1	0
Mandarin	1992	1	0
Mandarin	1993	1	0
Mandarin	1995	1	0
Mandarin	1996	2	0
Mandarin	1998	2	0
Mandarin	2000	4	1
Mandarin	2003	2	0
Mandarin	2004	1	1
Mandarin	2005	2	0
Mandarin	2006	4	0
Mandarin	2007	3	0
Mandarin	2008	4	1
Mandarin	2009	2	1
Mandarin	2010	5	1
Mandarin	2011	3	0
Mandarin	2012	1	3
Mandarin	2013	3	2
Mandarin	2014	7	2
Mandarin	2015	10	6
Mandarin	2016	4	5
Mandarin	2017	5	3
Mandarin	2018	7	6
Mandarin	2019	10	16
Mandarin	2020	15	12
Mandarin	2021	7	11
Mandarin	2022	8	16
Mandarin	2023	0	18
Mandarin	2024	0	26
Mandarin	2025	0	7
Marathi	1995	1	0
Marathi	2002	1	0
Marathi	2008	1	0
Marathi	2010	1	0
Marathi	2011	1	0
Marathi	2012	1	1
Marathi	2013	2	1
Marathi	2014	1	0
Marathi	2016	1	0
Marathi	2017	3	0
Marathi	2018	8	1
Marathi	2019	5	0
Marathi	2020	9	4
Marathi	2021	9	4
Marathi	2022	10	27
Marathi	2023	1	12
Marathi	2024	1	2
Marathi	2025	0	5
Min Nan Chinese	2002	1	0
Min Nan Chinese	2009	1	0
Min Nan Chinese	2024	0	2
Moroccan Arabic	2007	1	0
Moroccan Arabic	2013	2	0
Moroccan Arabic	2014	1	1
Moroccan Arabic	2015	2	0
Moroccan Arabic	2016	2	0
Moroccan Arabic	2017	2	0
Moroccan Arabic	2018	6	3
Moroccan Arabic	2019	1	0
Moroccan Arabic	2020	7	10
Moroccan Arabic	2021	3	1
Moroccan Arabic	2022	1	1
Moroccan Arabic	2023	4	5
Moroccan Arabic	2024	0	12
Moroccan Arabic	2025	0	1
Najdi Arabic	1999	1	0
Najdi Arabic	2012	0	1
Nepali	1988	1	0
Nepali	1994	1	0
Nepali	2001	1	0
Nepali	2008	2	1
Nepali	2009	1	0
Nepali	2012	1	0
Nepali	2013	1	1
Nepali	2014	4	3
Nepali	2015	1	0
Nepali	2018	3	4
Nepali	2019	4	0
Nepali	2020	3	1
Nepali	2021	3	8
Nepali	2022	2	2
Nepali	2023	1	5
Nepali	2024	0	5
Nepali	2025	2	3
Nigerian Pidgin	2002	1	0
Nigerian Pidgin	2005	2	0
Nigerian Pidgin	2010	1	0
Nigerian Pidgin	2014	1	0
Nigerian Pidgin	2017	1	1
Nigerian Pidgin	2018	1	0
Nigerian Pidgin	2019	5	4
Nigerian Pidgin	2020	3	1
Nigerian Pidgin	2021	1	3
Nigerian Pidgin	2022	3	4
Nigerian Pidgin	2023	0	2
Nigerian Pidgin	2024	2	6
Nigerian Pidgin	2025	1	1
Northeastern Thai	2019	1	0
Northeastern Thai	2021	1	0
Northeastern Thai	2024	0	1
Northeastern Thai	2025	0	1
Northern Kurdish	2018	1	0
Northern Kurdish	2021	0	1
Northern Pashto	2015	2	0
Northern Pashto	2016	1	0
Northern Pashto	2017	1	0
Northern Pashto	2019	2	0
Northern Pashto	2020	1	0
Northern Pashto	2021	1	3
Northern Pashto	2023	0	3
Northern Pashto	2024	0	1
Northern Pashto	2025	0	1
Northern Sotho	1994	1	0
Northern Sotho	1997	0	1
Northern Sotho	2000	1	0
Northern Sotho	2004	1	0
Northern Sotho	2009	0	2
Northern Sotho	2014	2	1
Northern Sotho	2015	1	0
Northern Sotho	2016	0	1
Northern Sotho	2017	0	1
Northern Sotho	2020	0	1
Northern Sotho	2022	1	1
Northern Sotho	2023	0	1
Northern Sotho	2024	0	1
Northern Sotho	2025	0	1
Northern Thai	2021	1	0
Northern Thai	2025	1	2
Norwegian	2004	2	0
Norwegian	2006	3	1
Norwegian	2009	3	0
Norwegian	2011	1	0
Norwegian	2013	2	0
Norwegian	2015	1	0
Norwegian	2016	1	1
Norwegian	2017	3	0
Norwegian	2018	3	4
Norwegian	2019	2	6
Norwegian	2020	2	0
Norwegian	2021	3	3
Norwegian	2022	4	3
Norwegian	2023	4	10
Norwegian	2024	1	4
Norwegian	2025	2	11
Odia	1995	1	0
Odia	2005	2	0
Odia	2006	1	0
Odia	2014	2	0
Odia	2015	4	0
Odia	2016	2	3
Odia	2017	0	2
Odia	2018	2	2
Odia	2019	1	0
Odia	2020	1	4
Odia	2021	1	3
Odia	2022	1	2
Odia	2023	0	3
Odia	2024	0	2
Odia	2025	0	1
Polish	1980	1	0
Polish	1995	1	0
Polish	1998	1	0
Polish	2000	1	0
Polish	2002	1	0
Polish	2003	2	0
Polish	2005	2	0
Polish	2006	1	0
Polish	2007	1	1
Polish	2008	1	0
Polish	2009	2	2
Polish	2010	0	1
Polish	2011	0	2
Polish	2012	2	0
Polish	2013	7	1
Polish	2014	2	2
Polish	2015	4	3
Polish	2016	2	6
Polish	2017	2	4
Polish	2018	3	0
Polish	2019	5	5
Polish	2020	7	3
Polish	2021	5	10
Polish	2022	1	7
Polish	2023	5	11
Polish	2024	1	13
Polish	2025	0	4
Portuguese	1952	1	0
Portuguese	1960	1	0
Portuguese	1965	1	0
Portuguese	1991	2	0
Portuguese	1993	2	0
Portuguese	1995	3	0
Portuguese	1996	3	0
Portuguese	1997	1	0
Portuguese	1998	0	1
Portuguese	1999	1	0
Portuguese	2000	1	0
Portuguese	2001	3	0
Portuguese	2002	6	0
Portuguese	2003	9	2
Portuguese	2004	9	3
Portuguese	2005	7	2
Portuguese	2006	9	5
Portuguese	2007	5	0
Portuguese	2008	12	8
Portuguese	2009	3	0
Portuguese	2010	8	9
Portuguese	2011	18	8
Portuguese	2012	15	13
Portuguese	2013	14	19
Portuguese	2014	18	8
Portuguese	2015	14	5
Portuguese	2016	19	8
Portuguese	2017	20	29
Portuguese	2018	21	18
Portuguese	2019	14	19
Portuguese	2020	23	38
Portuguese	2021	11	36
Portuguese	2022	13	26
Portuguese	2023	5	24
Portuguese	2024	3	38
Portuguese	2025	0	8
Romanian	1997	2	0
Romanian	1998	1	0
Romanian	2005	1	0
Romanian	2006	3	0
Romanian	2008	3	1
Romanian	2011	1	0
Romanian	2012	4	0
Romanian	2013	2	0
Romanian	2014	0	3
Romanian	2015	3	0
Romanian	2016	7	1
Romanian	2017	4	2
Romanian	2018	6	5
Romanian	2019	7	1
Romanian	2020	2	10
Romanian	2021	9	13
Romanian	2022	6	10
Romanian	2023	0	7
Romanian	2024	2	19
Romanian	2025	0	2
Rundi	2020	1	0
Rundi	2023	0	1
Russian	1977	1	0
Russian	1983	1	0
Russian	1987	1	0
Russian	1991	1	0
Russian	1992	1	0
Russian	2002	2	0
Russian	2004	2	0
Russian	2005	1	0
Russian	2006	2	0
Russian	2007	1	0
Russian	2008	3	0
Russian	2009	3	0
Russian	2010	3	0
Russian	2011	3	1
Russian	2012	6	1
Russian	2013	9	3
Russian	2014	8	5
Russian	2015	10	5
Russian	2016	17	6
Russian	2017	14	10
Russian	2018	22	14
Russian	2019	32	18
Russian	2020	19	29
Russian	2021	14	33
Russian	2022	7	40
Russian	2023	4	21
Russian	2024	2	18
Russian	2025	1	11
Sadri	2011	1	0
Sadri	2024	0	1
Serbian	2000	1	0
Serbian	2001	1	0
Serbian	2004	1	2
Serbian	2006	1	0
Serbian	2007	1	0
Serbian	2010	1	0
Serbian	2011	2	0
Serbian	2012	1	0
Serbian	2013	2	0
Serbian	2014	1	0
Serbian	2015	0	1
Serbian	2016	4	2
Serbian	2018	2	0
Serbian	2019	5	2
Serbian	2020	2	2
Serbian	2021	4	1
Serbian	2022	2	2
Serbian	2023	0	9
Serbian	2024	0	10
Setswana	1987	1	0
Setswana	1992	1	0
Setswana	2009	1	0
Setswana	2014	1	2
Setswana	2018	2	0
Setswana	2019	2	0
Setswana	2020	6	1
Setswana	2021	2	2
Setswana	2022	1	1
Setswana	2023	6	4
Setswana	2024	0	12
Setswana	2025	0	2
Sicilian	2021	0	1
Sindhi	1995	1	0
Sindhi	2010	2	0
Sindhi	2015	1	0
Sindhi	2016	1	1
Sindhi	2017	2	0
Sindhi	2018	1	1
Sindhi	2019	4	5
Sindhi	2020	3	3
Sindhi	2021	1	5
Sindhi	2023	0	2
Sindhi	2024	0	2
Sindhi	2025	0	3
Sinhala	2003	1	0
Sinhala	2007	1	0
Sinhala	2009	2	0
Sinhala	2012	2	0
Sinhala	2015	3	1
Sinhala	2016	3	2
Sinhala	2017	5	0
Sinhala	2018	6	3
Sinhala	2019	9	17
Sinhala	2020	15	10
Sinhala	2021	7	6
Sinhala	2022	2	9
Sinhala	2023	2	9
Sinhala	2024	2	10
Sinhala	2025	0	5
Slovak	2000	1	0
Slovak	2004	2	0
Slovak	2006	1	0
Slovak	2011	0	1
Slovak	2012	0	2
Slovak	2013	1	0
Slovak	2014	1	0
Slovak	2015	2	0
Slovak	2016	3	1
Slovak	2017	1	0
Slovak	2018	2	0
Slovak	2019	3	0
Slovak	2020	0	2
Slovak	2021	2	1
Slovak	2023	2	7
Slovak	2024	1	5
Slovak	2025	0	6
Somali	2006	1	0
Somali	2016	1	1
Somali	2019	1	0
Somali	2020	1	0
Somali	2021	1	1
Somali	2024	1	1
Somali	2025	0	3
Southern Kurdish	2019	1	0
Southern Kurdish	2020	1	0
Southern Kurdish	2021	1	0
Southern Kurdish	2022	1	0
Southern Kurdish	2023	0	2
Southern Kurdish	2024	0	2
Southern Sotho	2009	1	0
Southern Sotho	2013	1	0
Southern Sotho	2014	0	3
Southern Sotho	2020	1	0
Southern Sotho	2021	1	0
Southern Sotho	2022	0	2
Southern Uzbek	2024	0	1
Spanish	1979	1	0
Spanish	1985	1	0
Spanish	1997	4	0
Spanish	1999	1	0
Spanish	2002	4	0
Spanish	2003	2	0
Spanish	2004	2	0
Spanish	2005	5	0
Spanish	2006	5	0
Spanish	2007	4	2
Spanish	2008	9	2
Spanish	2009	4	0
Spanish	2010	5	2
Spanish	2011	4	2
Spanish	2012	12	1
Spanish	2013	7	1
Spanish	2014	19	10
Spanish	2015	12	4
Spanish	2016	15	6
Spanish	2017	8	8
Spanish	2018	42	14
Spanish	2019	32	18
Spanish	2020	31	46
Spanish	2021	21	49
Spanish	2022	12	62
Spanish	2023	12	35
Spanish	2024	3	43
Spanish	2025	0	4
Standard Arabic	1977	1	0
Standard Arabic	1992	1	0
Standard Arabic	1997	1	0
Standard Arabic	2001	2	0
Standard Arabic	2004	5	0
Standard Arabic	2005	3	0
Standard Arabic	2007	1	1
Standard Arabic	2008	3	0
Standard Arabic	2009	3	0
Standard Arabic	2010	3	0
Standard Arabic	2011	4	2
Standard Arabic	2012	4	3
Standard Arabic	2013	4	5
Standard Arabic	2014	17	5
Standard Arabic	2015	11	3
Standard Arabic	2016	10	7
Standard Arabic	2017	9	9
Standard Arabic	2018	9	5
Standard Arabic	2019	8	10
Standard Arabic	2020	8	12
Standard Arabic	2021	5	8
Standard Arabic	2022	3	10
Standard Arabic	2023	5	22
Standard Arabic	2024	4	21
Standard Arabic	2025	0	17
Sudanese Arabic	2014	1	0
Sudanese Arabic	2018	2	1
Sudanese Arabic	2021	0	2
Sudanese Arabic	2022	0	1
Swahili	2004	1	0
Swahili	2009	1	0
Swahili	2010	0	1
Swahili	2011	2	0
Swahili	2012	1	0
Swahili	2016	1	0
Swahili	2017	1	0
Swahili	2019	2	1
Swahili	2020	2	1
Swahili	2021	2	5
Swahili	2022	5	4
Swahili	2023	2	3
Swahili	2024	0	7
Swahili	2025	0	3
Swedish	1952	1	0
Swedish	1992	1	0
Swedish	1996	1	0
Swedish	2004	3	0
Swedish	2008	1	0
Swedish	2009	1	0
Swedish	2011	0	1
Swedish	2012	3	1
Swedish	2013	2	1
Swedish	2014	5	2
Swedish	2015	2	2
Swedish	2016	4	2
Swedish	2017	1	0
Swedish	2018	5	8
Swedish	2019	4	1
Swedish	2020	5	2
Swedish	2021	2	8
Swedish	2022	2	5
Swedish	2023	3	13
Swedish	2024	0	6
Swedish	2025	1	2
Swiss German	1994	1	0
Swiss German	2000	1	0
Swiss German	2002	1	0
Swiss German	2009	1	0
Swiss German	2010	2	2
Swiss German	2012	3	0
Swiss German	2013	1	0
Swiss German	2014	2	1
Swiss German	2015	3	1
Swiss German	2016	0	1
Swiss German	2017	0	1
Swiss German	2018	3	1
Swiss German	2019	4	4
Swiss German	2020	5	8
Swiss German	2021	1	3
Swiss German	2022	0	4
Swiss German	2023	1	3
Swiss German	2024	0	3
Swiss German	2025	0	1
Sylheti	2019	1	0
Sylheti	2020	0	1
Sylheti	2025	1	1
Tagalog	2006	1	0
Tagalog	2009	0	1
Tagalog	2011	1	0
Tagalog	2016	2	0
Tagalog	2018	1	1
Tagalog	2019	2	1
Tagalog	2020	1	2
Tagalog	2021	1	0
Tagalog	2022	0	4
Tagalog	2023	2	2
Tagalog	2024	0	2
Tagalog	2025	0	1
Tamil	1970	1	0
Tamil	1990	1	0
Tamil	2002	1	0
Tamil	2009	3	1
Tamil	2010	2	0
Tamil	2012	2	1
Tamil	2013	1	0
Tamil	2014	0	2
Tamil	2015	2	0
Tamil	2016	5	0
Tamil	2017	2	0
Tamil	2018	2	0
Tamil	2019	6	2
Tamil	2020	15	7
Tamil	2021	9	22
Tamil	2022	6	11
Tamil	2023	4	9
Tamil	2024	1	8
Tamil	2025	0	10
Tatar	2014	1	0
Tatar	2019	1	1
Tatar	2021	2	1
Tatar	2023	1	2
Tatar	2024	1	2
Tatar	2025	0	1
Telugu	2006	2	0
Telugu	2007	0	1
Telugu	2010	1	0
Telugu	2013	1	0
Telugu	2014	1	0
Telugu	2016	5	0
Telugu	2017	3	1
Telugu	2018	6	2
Telugu	2019	3	1
Telugu	2020	0	5
Telugu	2021	3	0
Telugu	2022	2	4
Telugu	2023	4	5
Telugu	2024	0	12
Telugu	2025	0	3
Thai	1996	1	0
Thai	1997	1	0
Thai	1999	1	0
Thai	2002	1	1
Thai	2003	1	1
Thai	2004	1	1
Thai	2009	4	1
Thai	2010	2	0
Thai	2011	0	2
Thai	2012	1	0
Thai	2013	1	0
Thai	2015	3	3
Thai	2016	4	0
Thai	2017	3	2
Thai	2018	5	3
Thai	2019	8	2
Thai	2020	6	4
Thai	2021	5	13
Thai	2022	2	10
Thai	2023	4	12
Thai	2024	2	12
Thai	2025	1	8
Tigrigna	2016	1	0
Tigrigna	2018	1	0
Tigrigna	2020	0	2
Tiv	2021	0	1
Tunisian Arabic	2002	1	0
Tunisian Arabic	2005	0	1
Tunisian Arabic	2007	1	0
Tunisian Arabic	2009	1	0
Tunisian Arabic	2012	1	0
Tunisian Arabic	2013	4	0
Tunisian Arabic	2014	1	2
Tunisian Arabic	2015	2	3
Tunisian Arabic	2016	1	0
Tunisian Arabic	2017	1	3
Tunisian Arabic	2018	0	1
Tunisian Arabic	2019	0	2
Tunisian Arabic	2020	3	0
Tunisian Arabic	2021	1	1
Tunisian Arabic	2022	1	2
Tunisian Arabic	2023	0	6
Tunisian Arabic	2024	0	1
Turkish	1995	1	0
Turkish	1996	1	0
Turkish	1998	1	0
Turkish	1999	3	0
Turkish	2000	1	0
Turkish	2001	1	0
Turkish	2003	5	0
Turkish	2004	3	0
Turkish	2006	3	0
Turkish	2007	2	0
Turkish	2008	4	1
Turkish	2009	2	2
Turkish	2010	3	0
Turkish	2011	6	1
Turkish	2012	11	4
Turkish	2013	10	2
Turkish	2014	13	4
Turkish	2015	8	1
Turkish	2016	16	7
Turkish	2017	16	10
Turkish	2018	15	9
Turkish	2019	21	26
Turkish	2020	17	23
Turkish	2021	14	12
Turkish	2022	10	47
Turkish	2023	6	29
Turkish	2024	1	37
Turkish	2025	1	4
Turkmen	2021	2	0
Turkmen	2023	0	1
Turkmen	2024	1	2
Ukrainian	2007	1	0
Ukrainian	2013	0	1
Ukrainian	2016	1	0
Ukrainian	2017	1	0
Ukrainian	2018	3	0
Ukrainian	2019	1	0
Ukrainian	2020	5	2
Ukrainian	2021	1	4
Ukrainian	2022	5	2
Ukrainian	2023	6	7
Ukrainian	2024	1	12
Ukrainian	2025	1	3
Urdu	1992	1	0
Urdu	1994	1	0
Urdu	1997	3	0
Urdu	1998	1	0
Urdu	1999	1	0
Urdu	2000	2	0
Urdu	2001	0	1
Urdu	2002	3	0
Urdu	2003	1	0
Urdu	2004	2	0
Urdu	2006	4	0
Urdu	2007	4	0
Urdu	2008	3	0
Urdu	2009	9	2
Urdu	2010	5	3
Urdu	2011	8	2
Urdu	2012	9	0
Urdu	2013	9	0
Urdu	2014	7	1
Urdu	2015	5	2
Urdu	2016	15	9
Urdu	2017	14	5
Urdu	2018	18	7
Urdu	2019	19	21
Urdu	2020	17	29
Urdu	2021	16	23
Urdu	2022	14	33
Urdu	2023	6	24
Urdu	2024	6	40
Urdu	2025	0	19
Uyghur	2006	1	0
Uyghur	2007	1	0
Uyghur	2010	1	0
Uyghur	2016	1	0
Uyghur	2018	1	1
Uyghur	2019	1	2
Uyghur	2021	0	2
Uyghur	2022	0	1
Uyghur	2023	0	2
Uyghur	2024	0	1
Vietnamese	1993	1	0
Vietnamese	1995	1	0
Vietnamese	1997	1	0
Vietnamese	2002	1	0
Vietnamese	2004	1	0
Vietnamese	2005	2	0
Vietnamese	2006	2	0
Vietnamese	2007	4	0
Vietnamese	2008	2	0
Vietnamese	2009	2	0
Vietnamese	2010	3	0
Vietnamese	2011	1	0
Vietnamese	2012	1	0
Vietnamese	2013	8	0
Vietnamese	2014	7	2
Vietnamese	2015	9	1
Vietnamese	2016	8	1
Vietnamese	2017	7	3
Vietnamese	2018	21	9
Vietnamese	2019	21	7
Vietnamese	2020	30	20
Vietnamese	2021	19	20
Vietnamese	2022	11	35
Vietnamese	2023	11	32
Vietnamese	2024	7	52
Vietnamese	2025	0	13
Western Punjabi	2004	1	0
Western Punjabi	2019	1	0
Western Punjabi	2025	0	2
Wolof	2014	1	0
Wolof	2015	1	0
Wolof	2020	0	1
Wolof	2022	1	1
Wolof	2023	0	1
Xhosa	2014	2	0
Xhosa	2018	0	2
Yoruba	1998	1	0
Yoruba	2012	2	0
Yoruba	2017	1	0
Yoruba	2018	1	0
Yoruba	2019	1	0
Yoruba	2020	3	3
Yoruba	2021	2	0
Yoruba	2022	1	3
Yoruba	2023	0	4
Yoruba	2024	0	4
Yoruba	2025	0	1
Yue Chinese	1964	1	0
Yue Chinese	1969	1	0
Yue Chinese	2000	1	0
Yue Chinese	2001	1	0
Yue Chinese	2007	2	1
Yue Chinese	2008	1	0
Yue Chinese	2009	1	0
Yue Chinese	2012	1	0
Yue Chinese	2013	2	0
Yue Chinese	2015	3	0
Yue Chinese	2017	0	1
Yue Chinese	2018	2	1
Yue Chinese	2019	3	2
Yue Chinese	2020	2	8
Yue Chinese	2021	2	2
Yue Chinese	2022	1	11
Yue Chinese	2023	1	3
Yue Chinese	2024	1	2
Yue Chinese	2025	0	2
Zarma	2024	1	1
Zulu	2017	1	0
Zulu	2018	1	0
Zulu	2021	0	1
Zulu	2022	0	1
